ID,Category,Capacity,Image,Word1,Word2,Word3,Word4,Word5,Word6,Word7,Word8,Word9,Word10,Word11,Word12,Word13,Word14,Word15,Word16,Word17,Word18,Word19,Word20
1,Pets,8,FALSE,Dog,Cat,Hamster,Fish,Bird,Ferret,Snake,Gecko,,,,,,,,,,,,
2,Trees,8,FALSE,Maple,Oak,Pine,Willow,Cedar,Birch,Ash,Palm,,,,,,,,,,,,
3,Game,4,FALSE,Chess,Uno,Monopoly,Domino,,,,,,,,,,,,,,,,
4,Color,12,FALSE,Red,Blue,Yellow,Green,Black,White,Violet,Gray,Beige,Cyan,Orange,Pink,,,,,,,,
5,Animals,16,FALSE,Sheep,Pig,Goat,Horse,Monkey,Bear,Wolf,Rabbit,Zebra,Lion_img,Tiger_img,Elephant_img,Horse1_img,Cow_img,Kangaroo_img,Dolphin_img,,,,
6,Cinema,7,FALSE,Western,Drama,Comedy,Horror,Popcorn,Ticket,Movie,,,,,,,,,,,,,
7,Calendar,8,FALSE,Day,Week,Month,Year,February,March,April,May,,,,,,,,,,,,
8,Foods,12,TRUE,Hamburger_img,Hotdog_img,Sandwich_img,Taco_img,Bread_img,Pizza_img,Pasta_img,Noodles_img,Soup_img,Cheese1_img,Curry_img,Sushi_img,,,,,,,,
9,Book,17,FALSE,Page,Paper,Cover,Comic,Novel,Textbook,Don_Quixote_img,Moby_Dick_img,Pride_Prejudice_img,War_and_Peace_img,To_Kill_a_Mockingbird_img,Harry_Potter_img,The_Lord_of_the_Rings_img,The_Great_Gatsby_img,Story,Knowledge,Word,,,
10,Landmass,3,FALSE,Asia,Africa,Europe,,,,,,,,,,,,,,,,,
11,Museum,7,FALSE,Picture,Exhibit,Artifact,Hall,Display,Curator,Art,,,,,,,,,,,,,
12,Fabrics,7,FALSE,Flannel,Cotton,Silk,Satin,Velvet,Linen,Felt,,,,,,,,,,,,,
13,Writer,7,FALSE,Author,Novelist,Blogger,Letterer,Storyteller,Editor,Poet,,,,,,,,,,,,,
14,Weather,8,FALSE,Sunny,Foggy,Snowy,Rainy,Windy,Stormy,Cloudy,Misty,,,,,,,,,,,,
15,Bowling,6,FALSE,Strike,Gutter,Pins,Spare,Alley,Split,,,,,,,,,,,,,,
16,Chess,12,TRUE,Pawn_img,King_img,Bishop_img,Queen_img,King,Queen,Rook,Bishop,Knight,Pawn,Gambit,Tactics,,,,,,,,
17,Drinks,4,FALSE,Soda,Coffee,Juice,Tea,,,,,,,,,,,,,,,,
18,Seasons,3,FALSE,Spring,Summer,Autumn,,,,,,,,,,,,,,,,,
19,Bird,11,TRUE,Eagle_img,Dove_img,Swan_img,Eagle,Hawk,Owl,Crow,Pigeon,Sparrow,Parrot,Swan,,,,,,,,,
20,Islands,8,FALSE,Jamaica,Iceland,Sicily,Hawaii,Bali,Ibiza,Crete,Barbados,,,,,,,,,,,,
21,Jewelry,13,FALSE,Necklace,Earring,Ring,Bracelet,Anklet,Locket,Diadem,Earrings,Watch,Pearl,Ring_img,Necklace_img,Watch_img,,,,,,,
22,Flowers,11,TRUE,Cherry_img,Daisy_img,Tulip_img,Rose_img,Hibiscus_img,Peony_img,Rosette_img,Daisy,Lily,Tulip,Rose,,,,,,,,,
23,Dances,6,FALSE,Rumba,Tango,Salsa,Waltz,Samba,Flamenco,,,,,,,,,,,,,,
24,Pizza,4,TRUE,Cheese_img,Tomato_img,Pepperoni_img,Pizza1_img,,,,,,,,,,,,,,,,
25,Country,3,TRUE,Canada_img,United_States_img,United_Kingdom_img,,,,,,,,,,,,,,,,,
26,Fish,19,FALSE,Shark,Tilapia,Goldfish,Salmon,Tuna,Cod,Sardine,Anchovy,Trout,Catfish,Carp,Salmon_img,Tuna_img,Shark_img,Goldfish_img,Trout_img,Cod_img,Mackerel_img,Carp_img,
27,Flag,8,TRUE,United_States_img,Australia_img,Japan_img,Spain_img,France_img,Germany_img,Mexico_img,India_img,,,,,,,,,,,,
28,Emoji,8,TRUE,Smile_img,Laugh_img,Kiss_img,Cry_img,Angry_img,Shock_img,Thinking_img,Sleepy_img,,,,,,,,,,,,
29,Furniture,12,FALSE,Chair,Table,Sofa,Bed,Desk,Armchair,Chair1_img,Table_img,Sofa_img,Lamp_img,Bed_img,Shelf_img,,,,,,,,
30,Oceans,6,FALSE,Wave,Tide,Beach,Coast,Bay,Island,,,,,,,,,,,,,,
31,Shoes,4,FALSE,Sneakers,Boots,Sandals,Oxfords,,,,,,,,,,,,,,,,
32,Planets,4,FALSE,Mercury,Venus,Earth,Mars,,,,,,,,,,,,,,,,
33,Molluscs,4,FALSE,Slug,Oyster,Snail,Clam,,,,,,,,,,,,,,,,
34,Yoga,3,FALSE,Posture,Stretch,Meditate,,,,,,,,,,,,,,,,,
35,House,3,FALSE,Mansion,Palace,Villa,,,,,,,,,,,,,,,,,
36,Jobs,10,FALSE,Pilot,Teacher,Doctor,Engineer,Lawyer,Soldier,Artist,Musician,Chef,Farmer,,,,,,,,,,
37,Music Genres,7,FALSE,Pop,Hip hop,Rock,Jazz,Blues,Classical,R&B,,,,,,,,,,,,,
38,Dance,6,FALSE,Waltz,Tango,Salsa,Cha cha,Rumba,Ballet,,,,,,,,,,,,,,
39,Festivals,6,FALSE,Christmas,Easter,Halloween,Thanksgiving,New Year,Valentine,,,,,,,,,,,,,,
40,Hats,10,FALSE,Cap,Beret,Helmet,Sunhat,Cowboy Hat,Beanie,Fedora,Kepi,Panama,Visor,,,,,,,,,,
41,Cakes,17,TRUE,Shortcake_img,Cupcake_img,Moon_cake_img,Pancakes_img,Birthday_Cake_img,Macaron_img,Eclair_img,Donut_img,Cheesecake_img,Cupcake1_img,Brownie_img,Muffin_img,Fruit_Cake_img,Red_Velvet_img,Tiramisu_img,Sponge_Cake_img,Brownie1_img,,,
42,Vegetables,4,TRUE,Carrot_img,Potato_img,Tomato1_img,Onion_img,,,,,,,,,,,,,,,,
43,Stones,8,FALSE,Onyx,Diamond,Turquoise,Granite,Marble,Basalt,Jade,Ruby,,,,,,,,,,,,
44,Shopping,4,FALSE,Price,Sale,Discount,Coupon,,,,,,,,,,,,,,,,
45,New York,4,FALSE,Statue of Liberty,Times Square,Wall Street,Central Park,,,,,,,,,,,,,,,,
46,Texas,3,FALSE,Cowboys,Texas BBQ,Rodeo,,,,,,,,,,,,,,,,,
47,Cozy,3,FALSE,Comfy,Warm,Snug,,,,,,,,,,,,,,,,,
48,Zodiac,8,TRUE,Aries_img,Taurus_img,Gemini_img,Leo_img,Virgo_img,Libra_img,Scorpio_img,Pisces_img,,,,,,,,,,,,
49,Bathroom,8,FALSE,Bathtub,Lotion,Shampoo,Shaver,Soap,Shower,Towel,Razor,,,,,,,,,,,,
50,Desert,8,FALSE,Sand,Dune,Oasis,Mirage,Cactus,Dust,Rock,Dry,,,,,,,,,,,,
51,TV Shows,6,FALSE,The Simpsons,Seinfeld,The Walking Dead,Friends,Breaking Bad,Game of Thrones,,,,,,,,,,,,,,
52,Painters,4,FALSE,Leonardo da Vinci,Raphael,Picasso,Van Gogh,,,,,,,,,,,,,,,,
53,Tools,4,FALSE,Hammer,Screwdriver,Wrench,Pliers,,,,,,,,,,,,,,,,
54,Clouds,4,FALSE,Fog,Cloudy,Raincloud,Puffy Cloud,,,,,,,,,,,,,,,,
55,Mountains,3,FALSE,Everest,Denali,Fuji,,,,,,,,,,,,,,,,,
56,Wooden,3,TRUE,Pencil_img,Guitar_img,Chair_img,,,,,,,,,,,,,,,,,
57,Language,9,FALSE,English,Italian,Japanese,Danish,Chinese,Spanish,German,Korean,Turkish,,,,,,,,,,,
58,Car,11,FALSE,Tesla,Toyota,Honda,Audi,Kia,Hyundai,Nissan,Ford,Coupe_img,Van_img,Supercar_img,,,,,,,,,
59,Rock Bands,6,FALSE,Queen,Eagles,The Beatles,Kiss,Nirvana,Metallica,,,,,,,,,,,,,,
60,Cocktails,4,FALSE,Margarita,Martini,Old Fashioned,Gimlet,,,,,,,,,,,,,,,,
61,Superheroes,4,FALSE,Superman,Batman,Iron Man,Thor,,,,,,,,,,,,,,,,
62,Sports,10,FALSE,Baseball,Soccer,Tennis,Golf,Basketball,Boxing,Football,Running,Swimming,Volleyball,,,,,,,,,,
63,Spiky,5,FALSE,Hedgehog,Cactus,Durian,Thorn,Porcupine,,,,,,,,,,,,,,,
64,Snow,4,FALSE,Sleet,Flake,Snowflake,Iceberg,,,,,,,,,,,,,,,,
65,Birds,8,FALSE,Dove,Eagle,Swan,Owl,Heron,Robin,Finch,Vulture,,,,,,,,,,,,
66,Rooms,6,FALSE,Bathroom,Bedroom,Kitchen,Basement,Garage,Parlor,,,,,,,,,,,,,,
67,Spices,16,FALSE,Salt,Pepper,Clove,Chili Powder,Basil,Ginger,Pepper_img,Ginger_img,Saffron_img,Paprika_img,Chili_img,Cumin_img,Basil_img,Cloves_img,Chili,Onion,,,,
68,BBQ,11,TRUE,Lamb_img,Ribs_img,Sausage_img,Chicken_img,Pork_img,Skewers_img,Chicken1_img,Steak_img,Marinade_img,Brisket_img,Charcoal_img,,,,,,,,,
69,Movie Genres,4,FALSE,Action,Adventure,Horror,Drama,,,,,,,,,,,,,,,,
70,Clothing,4,FALSE,Shirt,Pants,Jeans,Dress,,,,,,,,,,,,,,,,
71,States,3,FALSE,Texas,California,Florida,,,,,,,,,,,,,,,,,
72,Universities,3,FALSE,Harvard,Princeton,Stanford,,,,,,,,,,,,,,,,,
73,Planet,8,TRUE,Mercury_img,Jupiter_img,Saturn_img,Uranus_img,Neptune_img,Mars_img,Earth_img,Venus_img,,,,,,,,,,,,
74,Lessons,8,FALSE,Biology,Physics,Geometry,Algebra,History,Calculus,Philosophy,Chemistry,,,,,,,,,,,,
75,Face,8,FALSE,Cheeks,Lips,Brows,Nose,Chin,Eyes,Mouth,Nostrils,,,,,,,,,,,,
76,Transport,19,FALSE,Car,Bus,Train,Subway,Bicycle,Airplane,Ship,Truck,Car_img,Bus_img,Train_img,Subway_img,Bicycle_img,Motorcycle_img,Taxi_img,Truck_img,Bike,Van,Boat,
77,Reptiles,6,FALSE,Crocodile,Snake,Lizard,Gecko,Cobra,Turtle,,,,,,,,,,,,,,
78,Wardrobe,5,FALSE,Jumper,Jacket,Sweater,Jeans,Pants,,,,,,,,,,,,,,,
79,Snacks,4,FALSE,Chips,Popcorn,Candy,Donut,,,,,,,,,,,,,,,,
80,Senses,6,FALSE,Smell,Touch,Taste,Sight,Hearing,Sensation,,,,,,,,,,,,,,
81,Sunny,3,FALSE,Warm,Hot,Sun,,,,,,,,,,,,,,,,,
82,School,11,FALSE,Classroom,Notebook,Eraser,Teacher,Student,Homework,Subject,Principal,Book,Bag,Ruler,,,,,,,,,
83,Fruits,20,TRUE,Apple_img,Banana_img,Orange_img,Lemon_img,Mango_img,Pineapple_img,Peach_img,Strawberry_img,Grapes,Papaya,Pear,Kiwi,Coconut,Apple1_img,Banana2_img,Mango3_img,Pineapple1_img,Watermelon_img,Kiwi_img,Grape_img
84,Shapes,4,TRUE,Circle_img,Square_img,Triangle_img,Pentagon_img,,,,,,,,,,,,,,,,
85,Philosophers,3,FALSE,Plato,Aristotle,Socrates,,,,,,,,,,,,,,,,,
86,Villains,8,FALSE,Joker,Thanos,Harley Quinn,Magneto,Ultron,Loki,Darkseid,Hela,,,,,,,,,,,,
87,Cheese,8,FALSE,Brie,Gouda,Cheddar,Parmesan,Feta,Ricotta,Edam,Dorblu,,,,,,,,,,,,
88,Garden,6,FALSE,Flower,Seeds,Shovel,Bush,Plants,Buds,,,,,,,,,,,,,,
89,Rain,7,FALSE,Shower,Downpour,Thunder,Drizzle,Thunderstorm,Flood,Cloudburst,,,,,,,,,,,,,
90,Candy,8,TRUE,Candy1_img,Marshmallow_img,Chocolate_img,Lollipop_img,Gum,Choco,Fudge,Lollipop,,,,,,,,,,,,
91,Snake,8,FALSE,Python,Viper,Cobra,Anaconda,Boa,Keelback,Taipan,Mamba,,,,,,,,,,,,
92,Dogs,8,FALSE,Bulldog,Beagle,Poodle,Husky,Dalmatian,Corgi,Maltese,Golden Retriever,,,,,,,,,,,,
93,Religions,6,FALSE,Islam,Buddhism,Christianity,Hinduism,Judaism,Orthodoxy,,,,,,,,,,,,,,
94,Music,6,FALSE,Rock,Pop,Jazz,Opera,Punk,R&B,,,,,,,,,,,,,,
95,Hunting,4,FALSE,Trap,Hunter,Trophy,License,,,,,,,,,,,,,,,,
96,Taste,6,FALSE,Sweet,Sour,Salty,Bitter,Umami,Spicy,,,,,,,,,,,,,,
97,Sick,10,FALSE,Fever,Flu,Headache,Toothache,Cold,Malaria,Cholera,Smallpox,Vomit,Allergy,,,,,,,,,,
98,Unite,3,FALSE,Alliance,League,Union,,,,,,,,,,,,,,,,,
99,Ballet,3,FALSE,Pointe,Tutu,Barre,,,,,,,,,,,,,,,,,
100,Computer,8,FALSE,Monitor,Keyboard,Mouse,Drive,CPU,Software,RAM,Laptop,,,,,,,,,,,,
101,US States,8,FALSE,California,Texas,Florida,New York,Ohio,Colorado,Michigan,Georgia,,,,,,,,,,,,
102,Farm,14,FALSE,Tractor,Farmer,Field,Corn,Hay,Scarecrow,Farmhouse,Crop,Barn,Fence,Cow,Wheat,Chicken,Pig,,,,,,
103,Camping,6,FALSE,Tent,Sleeping Bag,Campfire,Map,Compass,Matches,,,,,,,,,,,,,,
104,Coffee Drinks,6,TRUE,Espresso_img,Americano_img,Cappuccino_img,Latte_img,Macchiato_img,Mocha_img,,,,,,,,,,,,,,
105,Days,4,FALSE,Sunday,Monday,Tuesday,Thursday,,,,,,,,,,,,,,,,
106,Cartoons,3,FALSE,Tom,Jerry,Mickey,,,,,,,,,,,,,,,,,
107,Halloween,8,TRUE,Pumpkin_img,Ghost_img,Witch_img,Vampire_img,Zombie_img,Mask_img,Candy_img,Costume_img,,,,,,,,,,,,
108,Christmas,8,FALSE,Christmas Tree,Santa Claus,Reindeer,Sleigh,Elf,Snowman,Gift,Stocking,,,,,,,,,,,,
109,Woods,8,FALSE,Tree,Leaf,Branch,Root,Bark,Berry,Stump,Moss,,,,,,,,,,,,
110,Rodents,8,TRUE,Mouse_img,Squirrel_img,Beaver_img,Porcupine_img,Capybara_img,Muskrat_img,Nutria_img,Chipmunk_img,,,,,,,,,,,,
111,Bedroom,6,FALSE,Bed,Pillow,Blanket,Sheet,Mattress,Alarm Clock,,,,,,,,,,,,,,
112,Hospital,7,FALSE,Doctor,Nurse,Medicine,Bandage,Ambulance,Wheelchair,Mask,,,,,,,,,,,,,
113,Myths,5,FALSE,Zeus,Poseidon,Hera,Athena,Apollo,,,,,,,,,,,,,,,
114,Energy,4,FALSE,Solar,Nuclear,Kinetic,Thermal,,,,,,,,,,,,,,,,
115,Paint,4,FALSE,Brush,Canvas,Acrylic,Draw,,,,,,,,,,,,,,,,
116,Habitat,3,FALSE,Desert,Ocean,Savanna,,,,,,,,,,,,,,,,,
117,Spicy,3,TRUE,Sriracha_img,Wasabi_img,Habanero_img,,,,,,,,,,,,,,,,,
118,Coding,8,FALSE,Code,Program,Bug,Algorithm,Function,Loop,SQL,Script,,,,,,,,,,,,
119,Song,4,FALSE,Lyrics,Melody,Chorus,Verse,,,,,,,,,,,,,,,,
120,Liquid,4,FALSE,Water,Soda,Vinegar,Wine,,,,,,,,,,,,,,,,
121,Time,12,FALSE,Second,Minute,Hour,Future,Present,Past,Moment,Morning,Afternoon,Evening,Noon,Night,,,,,,,,
122,Sushi,3,TRUE,Nigiri_img,Temaki_img,Uramaki_img,,,,,,,,,,,,,,,,,
123,Mountain,8,FALSE,Etna,Denali,Everest,Fuji,Andes,Himalayas,Volcano,Elbrus,,,,,,,,,,,,
124,Photography,6,FALSE,Camera,Lens,Tripod,ISO,Zoom,Photo,,,,,,,,,,,,,,
125,Fame,4,FALSE,Idol,Star,Famous,Popular,,,,,,,,,,,,,,,,
126,Linguist,4,FALSE,Syntax,Polyglot,Grammar,Scholar,,,,,,,,,,,,,,,,
127,Kitchen,4,FALSE,Pan,Knife,Fork,Spoon,,,,,,,,,,,,,,,,
128,Pop,3,FALSE,Lyrics,Verse,Rhyme,,,,,,,,,,,,,,,,,
129,Office,8,FALSE,Desk,Chair,Printer,Pen,Pencil,Folder,Stapler,Computer,,,,,,,,,,,,
130,Plants,8,FALSE,Tree,Flower,Leaf,Root,Grass,Moss,Bush,Vine,,,,,,,,,,,,
131,Winter,6,FALSE,Snow,Ice,Frost,Blizzard,Cold,Christmas,,,,,,,,,,,,,,
132,Utensils,4,FALSE,Knife,Spoon,Cup,Plate,,,,,,,,,,,,,,,,
133,Sleep,6,FALSE,Bed,Pillow,Rest,Blanket,Dreams,Pajamas,,,,,,,,,,,,,,
134,Airplane,3,FALSE,Pilot,Landing,Jet,,,,,,,,,,,,,,,,,
135,Citrus,3,FALSE,Orange,Tangerine,Pomelo,,,,,,,,,,,,,,,,,
136,Hobby,8,FALSE,Drawing,Singing,Dancing,Cooking,Baking,Traveling,Knitting,Gaming,,,,,,,,,,,,
137,Bugs,10,TRUE,Ant_img,Bee_img,Wasp_img,Beetle_img,Ladybug_img,Fly_img,Mosquito_img,Moth_img,Termite_img,Mosquito1_img,,,,,,,,,,
138,Veggie,8,FALSE,Carrot,Potato,Tomato,Cucumber,Onion,Garlic,Lettuce,Broccoli,,,,,,,,,,,,
139,Summer,6,FALSE,Sun,Beach,Holiday,Travel,Hot,Wave,,,,,,,,,,,,,,
140,Sour,4,FALSE,Lemon,Lime,Tamarind,Vinegar,,,,,,,,,,,,,,,,
141,Countries,4,FALSE,United States,Australia,Japan,Spain,,,,,,,,,,,,,,,,
142,Cats,3,FALSE,Persian,Siamese,Bengal,,,,,,,,,,,,,,,,,
143,Folder,3,FALSE,File,Document,Contract,,,,,,,,,,,,,,,,,
144,Japan,8,TRUE,Samurai_img,Sushi1_img,Kimono_img,Mount_Fuji_img,Anime_img,Ramen_img,Tempura_img,Origami_img,,,,,,,,,,,,
145,Metal,9,FALSE,Iron,Gold,Silver,Copper,Steel,Lead,Zinc,Bronze,Tin,,,,,,,,,,,
146,Band,8,FALSE,Singer,Drums,Guitar,Stage,Album,Bass,Fans,Music,,,,,,,,,,,,
147,Age,6,FALSE,Young,Old,Teen,Adult,Child,Elder,,,,,,,,,,,,,,
148,Scissors,6,FALSE,Cut,Snip,Carve,Trim,Shear,Sharp,,,,,,,,,,,,,,
149,Groups,5,FALSE,Family,Party,Club,Crowd,Tribe,,,,,,,,,,,,,,,
150,Scales,5,FALSE,Weight,Balance,Heavy,Light,Measure,,,,,,,,,,,,,,,
151,Sea,4,FALSE,Ocean,Beach,Sand,Wave,,,,,,,,,,,,,,,,
152,Alien,4,FALSE,UFO,Galaxy,ET,Rocket,,,,,,,,,,,,,,,,
153,Egypt,3,FALSE,Pyramid,Pharaoh,Mummy,,,,,,,,,,,,,,,,,
154,Italy,3,FALSE,Rome,Venice,Florence,,,,,,,,,,,,,,,,,
155,Instruments,12,TRUE,Piano_img,Guitar_img,Violin_img,Bass_img,Ukulele_img,Drum_img,Flute_img,Trumpet_img,Cello_img,Guitar1_img,Electric_guitar_img,Banjo_img,,,,,,,,
156,Fast,8,FALSE,Quick,Rapid,Speedy,Swift,Prompt,Brisk,Hasty,Zippy,,,,,,,,,,,,
157,Fuel,4,FALSE,Coal,Gasoline,Firewood,Kerosene,,,,,,,,,,,,,,,,
158,Soccer,4,FALSE,Dribble,Penalty,Red card,Goal,,,,,,,,,,,,,,,,
159,Hair,3,FALSE,Wavy,Curly,Coily,,,,,,,,,,,,,,,,,
160,Lock,3,FALSE,Secure,Sturdy,Trusty,,,,,,,,,,,,,,,,,
161,Aquatics,8,TRUE,Whale_img,Seahorse_img,Otter_img,Orca_img,Dolphin1_img,Octopus_img,Dugong_img,Shark1_img,,,,,,,,,,,,
162,Sky,12,TRUE,Clouds_img,Stars_img,Sun_img,Moon_img,Eclipse_img,Rainbow_img,Planes_img,Stars,Sun,Moon,Cloud,Star,,,,,,,,
163,Police,6,FALSE,Badge,Uniform,Arrest,Officer,Handcuff,Baton,,,,,,,,,,,,,,
164,Volcano,6,FALSE,Lava,Ash,Eruption,Crater,Magma,Fire,,,,,,,,,,,,,,
165,Galaxy,4,FALSE,Black hole,Planets,Nebulae,Quasars,,,,,,,,,,,,,,,,
166,Drum,4,FALSE,Bongo,Djembe,Tabla,Ashiko,,,,,,,,,,,,,,,,
167,Cowboy,4,FALSE,Lasso,Pistol,Boots,Saddle,,,,,,,,,,,,,,,,
168,Medals,3,FALSE,Gold,Silver,Bronze,,,,,,,,,,,,,,,,,
169,King,3,FALSE,Power,Castle,Noble,,,,,,,,,,,,,,,,,
170,Sizes,8,FALSE,L,XXS,XXXL,S,M,XS,XL,One size,,,,,,,,,,,,
171,UI,8,FALSE,Button,Toggle,Menu,Sidebar,Switch,Slider,Icon,Check box,,,,,,,,,,,,
172,Relation,6,FALSE,Neighbor,Spouse,Family,Partner,Friend,Relative,,,,,,,,,,,,,,
173,Forest,6,FALSE,Tree,Waterfall,Fruit,Leaf,Root,Bush,,,,,,,,,,,,,,
174,Castle,4,FALSE,Guard,Tower,Knight,King,,,,,,,,,,,,,,,,
175,Dinosaur,4,FALSE,Fossil,Skeleton,Bone,Skull,,,,,,,,,,,,,,,,
176,Famer,4,FALSE,Field,Corn,Hoe,Harvest,,,,,,,,,,,,,,,,
177,Art,7,TRUE,The_Starry_Night_img,Sunflowers_img,Mona_Lisa_img,Paint,Canvas,Brush,Easel,,,,,,,,,,,,,
178,Skin,3,FALSE,Normal,Dry,Oily,,,,,,,,,,,,,,,,,
179,Sounds,8,FALSE,Whisper,Bang,Click,Buzz,Roar,Sigh,Crash,Screech,,,,,,,,,,,,
180,Egg,8,TRUE,Chicken2_img,Duck_img,Quail_img,Goose_img,Turkey_img,Ostrich_img,Swan_img,Penguin_img,,,,,,,,,,,,
181,Sandwich,16,FALSE,Toast,Cheese,Ham,Lettuce,Mayo,Tomato,Pickles,Sausage,Toast_img,Cheese_img,Ham_img,Lettuce_img,Mayo_img,Tomato2_img,Pickles_img,Sausage1_img,,,,
182,Imagination,6,FALSE,Fantasy,Daydream,Idea,Concept,Image,Insight,,,,,,,,,,,,,,
183,Thunder,6,FALSE,Hum,Clap,Rumble,Boom,Flash,Electric,,,,,,,,,,,,,,
184,Badminton,4,FALSE,Racket,Shuttlecock,Net,Smash,,,,,,,,,,,,,,,,
185,Bones,4,FALSE,Skull,Spine,Rib,Femur,,,,,,,,,,,,,,,,
186,Rivers,3,FALSE,Nile,Amazon,Mekong,,,,,,,,,,,,,,,,,
187,Chain,3,FALSE,Chainsaw,Swing,Anchor,,,,,,,,,,,,,,,,,
188,Swords,8,TRUE,Katana_img,Rapier_img,Scimitar_img,Falcata_img,Saber_img,Claymore_img,Cutlass_img,Falchion_img,,,,,,,,,,,,
189,Zombies,8,FALSE,Undead,Infection,Bite,Grave,Virus,Brain,Rot,Survivor,,,,,,,,,,,,
190,Artists,8,FALSE,Leonardo,Van Gogh,Picasso,Dali,Warhol,Munch,Vermeer,Monet,,,,,,,,,,,,
191,Fashion,8,FALSE,Versace,Balmain,Kenzo,Prada,Gucci,Dior,Chanel,Armani,,,,,,,,,,,,
192,Fantasy,14,FALSE,Magic,Spell,Spirit,Elf,Dragon,Rune,Fairy_img,Elf_img,Goblin_img,Troll_img,Unicorn_img,Giant_img,Sprite_img,Mermaid_img,,,,,,
193,Echo,6,FALSE,Voice,Reverb,Call,Noise,Cave,Bell,,,,,,,,,,,,,,
194,Clothes,14,TRUE,Jacket_img,Sweater_img,Pullover_img,Blouse_img,Jeans_img,Skirt_img,Shirt_img,Pants_img,Dress_img,Shoes_img,Hat_img,Jacket1_img,Scarf_img,Gloves_img,,,,,,
195,Smell,5,FALSE,Nose,Perfume,Bouquet,Aroma,Scent,,,,,,,,,,,,,,,
196,Movie,5,FALSE,Scene,Actor,Action,Director,Script,,,,,,,,,,,,,,,
197,Pay,4,FALSE,Price,Bill,Tip,Debt,,,,,,,,,,,,,,,,
198,Rice,4,FALSE,Risotto,Congee,Paella,Sushi,,,,,,,,,,,,,,,,
199,Armor,3,FALSE,Helmet,Shield,Gauntlet,,,,,,,,,,,,,,,,,
200,Lists,3,FALSE,Menu,Playlist,Agenda,,,,,,,,,,,,,,,,,
201,File,8,FALSE,TXT,PDF,CSV,HTML,JPEG,PNG,GIF,DOCX,,,,,,,,,,,,
202,Crystal,8,TRUE,Crystal1_img,Crystal2_img,Crystal3_img,Crystal4_img,Crystal5_img,Crystal6_img,Crystal7_img,Crystal8_img,,,,,,,,,,,,
203,River,4,FALSE,Nile,Amazon,Mekong,Seine,,,,,,,,,,,,,,,,
204,Dynamics,3,FALSE,Motion,Inertia,Velocity,,,,,,,,,,,,,,,,,
205,Hot,8,FALSE,Sun,Geyser,Volcano,Steam,Campfire,Fire,Lava,Embers,,,,,,,,,,,,
206,Money,8,TRUE,Dollar_img,Yen_img,Franc_img,Euro_img,Peso_img,Yuan_img,Rupee_img,Lira_img,,,,,,,,,,,,
207,Habitats,8,FALSE,Forest,Zoo,Tundra,Wetlands,Desert,Prairie,Aquarium,Marsh,,,,,,,,,,,,
208,Red,6,FALSE,Cherry,Tomato,Chili,Beetroot,Plum,Blood,,,,,,,,,,,,,,
209,Library,6,FALSE,Book,Shelf,Lamp,Table,Author,Librarian,,,,,,,,,,,,,,
210,Yellow,4,TRUE,Banana1_img,Mango1_img,Lemon1_img,Melon_img,,,,,,,,,,,,,,,,
211,Bed,4,FALSE,Chill,Relax,Rest,Sleep,,,,,,,,,,,,,,,,
212,Clown,4,FALSE,Jolly,Funny,Playful,Fun,,,,,,,,,,,,,,,,
213,Racing,3,FALSE,Pit stop,Finish,Speedway,,,,,,,,,,,,,,,,,
214,Potato,3,FALSE,Soup,Pie,Bread,,,,,,,,,,,,,,,,,
215,Moving,8,FALSE,Riding,Hiking,Flying,Swimming,Running,Going,Jogging,Sailing,,,,,,,,,,,,
216,Big Cats,8,FALSE,Lion,Tiger,Leopard,Cheetah,Jaguar,Lynx,Ocelot,Caracal,,,,,,,,,,,,
217,Question,6,FALSE,When,Where,How,Why,Who,What,,,,,,,,,,,,,,
218,Week,6,FALSE,Tuesday,Sunday,Friday,Thursday,Monday,Saturday,,,,,,,,,,,,,,
219,Polygon,4,FALSE,Nonagon,Octagon,Heptagon,Hexagon,,,,,,,,,,,,,,,,
220,Axe,4,FALSE,Chop,Hew,Fell,Split,,,,,,,,,,,,,,,,
221,Tomatoes,4,FALSE,Salsa,Gazpacho,Marinara,Ketchup,,,,,,,,,,,,,,,,
222,Romance,3,FALSE,Date,Kisses,Flirt,,,,,,,,,,,,,,,,,
223,Xmas,3,FALSE,Gift,Stocking,Santa,,,,,,,,,,,,,,,,,
224,Months,8,FALSE,March,April,July,June,August,November,January,October,,,,,,,,,,,,
225,Eats,8,TRUE,Pizza_img,Taco_img,Fries_img,Burger_img,Kebab_img,Sandwich_img,Burrito_img,Hotdog_img,,,,,,,,,,,,
226,Poker,8,FALSE,Cards,Chips,Table,Bet,Bluff,Rake,Casino,Vegas,,,,,,,,,,,,
227,Time of Day,6,FALSE,Night,Evening,Morning,Noon,Dawn,Midday,,,,,,,,,,,,,,
228,Cupid,6,FALSE,Love,Romance,Passion,Quiver,Arrow,Crush,,,,,,,,,,,,,,
229,Olympus,4,FALSE,Zeus,Immortal,Myths,Pantheon,,,,,,,,,,,,,,,,
230,Novel,4,FALSE,Narrator,Subplot,Climax,Conflict,,,,,,,,,,,,,,,,
231,Paper,4,FALSE,A0,A1,A2,A3,,,,,,,,,,,,,,,,
232,Monsters,3,TRUE,Beast_img,Vampire1_img,Dragon_img,,,,,,,,,,,,,,,,,
233,Greeting,3,FALSE,Hi,Hello,Ciao,,,,,,,,,,,,,,,,,
234,Smoothie,8,TRUE,Banana_img,Mango2_img,Pear_img,Peach_img,Melon1_img,Orange_img,Pineapple_img,Blueberry_img,,,,,,,,,,,,
235,Wealth,8,FALSE,Treasury,Coin,Bank,Asset,Savings,Bond,Riches,Gold,,,,,,,,,,,,
236,Dances,8,FALSE,Samba,Rumba,Tango,Waltz,Salsa,Foxtrot,Polka,Cancan,,,,,,,,,,,,
237,Study,8,FALSE,Examine,Research,Learn,Education,Knowledge,Lesson,Student,Homework,,,,,,,,,,,,
238,Fashion,6,FALSE,Style,Trend,Vogue,Chic,Flair,Glamour,,,,,,,,,,,,,,
239,Dossier,6,FALSE,Papers,Info,Report,Files,Notes,Records,,,,,,,,,,,,,,
240,Traffic,14,FALSE,Traffic jam,Traffic light,Toll booth,Speed bump,Car,Bike,Road,Street,Highway,Crosswalk,Bridge,Tunnel,Bus,Truck,,,,,,
241,Emotion,11,TRUE,Happy_img,Sad_img,Angry_img,Annoyed_img,Bored_img,Love_img,Delight_img,Anger_img,Sadness_img,Fear_img,Surprise_img,,,,,,,,,
242,Tracking,5,FALSE,GPS,Radar,Locator,Map,Phone,,,,,,,,,,,,,,,
243,Textures,5,FALSE,Rough,Smooth,Silky,Grainy,Fuzzy,,,,,,,,,,,,,,,
244,Wings,4,FALSE,Firefly,Butterfly,Eagle,Bat,,,,,,,,,,,,,,,,
245,Frost,4,FALSE,Winter,Ice,Snow,Freeze,,,,,,,,,,,,,,,,
246,Haunts,4,FALSE,Ghost,Specter,Ghoul,Spirit,,,,,,,,,,,,,,,,
247,Relaxing,3,FALSE,Nap,Yoga,Sauna,,,,,,,,,,,,,,,,,
248,Ninja,3,FALSE,Katana,Shadow,Kunai,,,,,,,,,,,,,,,,,
249,Skincare,8,FALSE,Cleanser,Serum,Pores,Retinol,Sunscreen,Mask,Toner,Scrub,,,,,,,,,,,,
250,Gambling,10,FALSE,Dice,Roulette,Betting,Casino,Dice_img,Roulette_img,Betting_img,Casino_img,Croupier_img,Card_img,,,,,,,,,,
251,Hazard,4,FALSE,Flammable,Toxic,Venom,Gun,,,,,,,,,,,,,,,,
252,Island,3,FALSE,Palm,Coconut,Boat,,,,,,,,,,,,,,,,,
253,Parent,3,FALSE,Son,Daughter,Father,,,,,,,,,,,,,,,,,
254,Luggage,8,FALSE,Suitcase,Backpack,Bag,Handbag,Travel trunk,Tote bag,Trolley,Pouch,,,,,,,,,,,,
255,Dwelling,16,TRUE,Mansion_img,Castle_img,Palace_img,Chalet_img,Bungalow_img,Cottage_img,Duplex_img,Hut_img,Mansion,Castle,Palace,Chalet,Bungalow,Cottage,Duplex,Hut,,,,
256,Leg,8,FALSE,Thigh,Knee,Calf,Ankle,Foot,Shin,Heel,Toes,,,,,,,,,,,,
257,RPG Game,6,FALSE,Hero,Saga,Quest,Rune,Lore,Beast,,,,,,,,,,,,,,
258,Moss,6,FALSE,Green,Damp,Stone,Carpet,Soft,Wet,,,,,,,,,,,,,,
259,Imitate,4,FALSE,Copy,Mimic,Fake,Clone,,,,,,,,,,,,,,,,
260,Cobra,4,FALSE,Venom,Snake,Bite,Toxic,,,,,,,,,,,,,,,,
261,Eagle,4,FALSE,Falcon,Hawk,Erne,Griffon,,,,,,,,,,,,,,,,
262,Feline,3,FALSE,Tiger,Lion,Leopard,,,,,,,,,,,,,,,,,
263,Assist,3,FALSE,Help,Aid,Support,,,,,,,,,,,,,,,,,
264,Bitter,8,FALSE,Coffee,Chicory,Chocolate,Bitter Melon,Cocoa,Black Tea,Lemon Peel,Kale,,,,,,,,,,,,
265,Magic,8,TRUE,Spell_img,Rune_img,Charm_img,Curse_img,Power_img,Energy_img,Ritual_img,Wizard_img,,,,,,,,,,,,
266,Electrical,6,FALSE,Battery,Motor,Current,Computer,Aptomat,Charge,,,,,,,,,,,,,,
267,City,6,FALSE,Street,Building,Tower,Market,Park,Square,,,,,,,,,,,,,,
268,Korea,4,FALSE,K-pop,Idols,Kimchi,Seoul,,,,,,,,,,,,,,,,
269,Salary,4,FALSE,Payment,Wage,Stipend,Income,,,,,,,,,,,,,,,,
270,Honey,4,FALSE,Bee,Hive,Nectar,Flower,,,,,,,,,,,,,,,,
271,Crown,3,FALSE,King,Queen,Throne,,,,,,,,,,,,,,,,,
272,Tool,3,FALSE,Saw,Wrench,Pliers,,,,,,,,,,,,,,,,,
273,Pink,8,TRUE,Pig1_img,Flamingo_img,Pink_lipstick_img,Lotus_img,Sakura_img,Tongue_img,Radish_img,Rose1_img,,,,,,,,,,,,
274,Nature,8,FALSE,Tree,Mountain,Forest,Ocean,River,Lake,Shore,Valley,,,,,,,,,,,,
275,Feelings,13,FALSE,Grateful,Confused,Bored,Nervous,Curious,Anxious,Worried,Happy,Sad,Excited,Scared,Sleepy,Hungry,,,,,,,
276,Time,6,FALSE,Day,Night,Dawn,Morning,Dusk,Evening,,,,,,,,,,,,,,
277,Saw,6,FALSE,Cut,Log,Teeth,Blade,Hand,Sharp,,,,,,,,,,,,,,
278,Pronoun,4,FALSE,My,Your,His,Her,,,,,,,,,,,,,,,,
279,Beetles,4,TRUE,Scarab_img,Weevil_img,Carabus_img,Junebug_img,,,,,,,,,,,,,,,,
280,Canada,4,FALSE,Maple Leaf,Aurora,Snow,Toronto,,,,,,,,,,,,,,,,
281,Camp,3,FALSE,Tent,Camp fire,Lantern,,,,,,,,,,,,,,,,,
282,Cattle,3,FALSE,Cow,Pig,Buffalo,,,,,,,,,,,,,,,,,
283,Energy,8,TRUE,Oil_img,Gas_img,Coal_img,Solar_img,Wind_img,Water_img,Nuclear_img,Thermal_img,,,,,,,,,,,,
284,Delay,8,FALSE,Late,Wait,Pause,Hold,Lag,Stall,Postpone,Slow,,,,,,,,,,,,
285,Event,16,FALSE,New Year,Valentine,Easter,Mother's Day,Halloween,Thanksgiving,Black Friday,Christmas,New_Year_img,Valentine_img,Easter_img,Mother_Day_img,Halloween_img,Thanksgiving_img,Black_Friday_img,Christmas_img,,,,
286,Love,8,FALSE,Cupid,Romance,Care,Heart,Kiss,Couple,Soulmate,Fondness,,,,,,,,,,,,
287,Driving,6,FALSE,Drive,Car,Speed,Brake,Tire,Traffic,,,,,,,,,,,,,,
288,Martial Arts,5,FALSE,Fight,Punch,Kick,Block,Strike,,,,,,,,,,,,,,,
289,Fingers,5,FALSE,Thumb,Index,Middle,Little,Ring,,,,,,,,,,,,,,,
290,Oranges,4,TRUE,Orange_slices_img,Orange_juice_img,Orange_peels_img,Orange_tree_img,,,,,,,,,,,,,,,,
291,Lemon,4,FALSE,Yellow,Oval,Vitamin C,Sour,,,,,,,,,,,,,,,,
292,Shuffle,3,FALSE,Mix,Stir,Blend,,,,,,,,,,,,,,,,,
293,Bucket,3,FALSE,Tub,Bin,Pail,,,,,,,,,,,,,,,,,
294,Deck,8,TRUE,Ace_img,King1_img,Queen1_img,Jack_img,2_img,3_img,4_img,5_img,,,,,,,,,,,,
295,Hearing,8,FALSE,Ear,Sound,Echo,Shout,Tone,Pitch,Deafness,Listen,,,,,,,,,,,,
296,Display,4,FALSE,LCD,LED,OLED,AMOLED,,,,,,,,,,,,,,,,
297,Lovely,3,FALSE,Adorable,Pretty,Cute,,,,,,,,,,,,,,,,,
298,Big cats,8,TRUE,Leopard_img,Cheetah_img,Jaguar_img,Puma_img,Lion1_img,Tiger1_img,Cougar_img,Bobcat_img,,,,,,,,,,,,
299,Wear,8,FALSE,Clothes,Shirt,Pants,Shorts,Skirt,Dress,Jacket,Coat,,,,,,,,,,,,
300,Teaching,6,FALSE,Homework,Exercise,Tutorial,Seminar,Lecture,Webinar,,,,,,,,,,,,,,
301,Asia,6,FALSE,China,Thailand,Myanmar,Vietnam,Laos,Taiwan,,,,,,,,,,,,,,
302,Dice,4,FALSE,Roll,Toss,Shake,Throw,,,,,,,,,,,,,,,,
303,Poultry,4,FALSE,Chicken,Duck,Goose,Turkey,,,,,,,,,,,,,,,,
304,Memes,4,FALSE,Funny,Laugh,Joke,Humor,,,,,,,,,,,,,,,,
305,Vintage,3,FALSE,Retro,Classic,Oldie,,,,,,,,,,,,,,,,,
306,Europe,9,FALSE,France,Germany,Italy,Spain,Portugal,United Kingdom,Ireland,Belgium,Greece,,,,,,,,,,,
307,Army,8,FALSE,Soldier,Commander,Captain,Sergeant,Recruit,Squad,Mission,Battle,,,,,,,,,,,,
308,Gods,6,FALSE,Apollo,Thor,Ares,Loki,Kali,Hera,,,,,,,,,,,,,,
309,Vikings,6,TRUE,Shield_img,Sword_img,Axe_img,Helm_img,Ship_img,Spear_img,,,,,,,,,,,,,,
310,Shower,4,FALSE,Bathroom,Shampoo,Sponge,Soap,,,,,,,,,,,,,,,,
311,Dream,4,FALSE,Sleep,Night,Illusion,Fantasy,,,,,,,,,,,,,,,,
312,Sound,4,FALSE,Chime,Buzz,Moo,Beep,,,,,,,,,,,,,,,,
313,Mirror,3,FALSE,Reflection,Glass,Image,,,,,,,,,,,,,,,,,
314,Planes,8,TRUE,Glider_img,Biplane_img,Jet_img,Seaplane_img,Airliner_img,Fighter_img,Bomber_img,Turbojet_img,,,,,,,,,,,,
315,Careers,8,FALSE,Teacher,Doctor,Chef,Farmer,Baker,Pilot,Sailor,Miner,,,,,,,,,,,,
316,Wonders,8,FALSE,Colosseum,Pyramid,Great Wall,Eiffel,Big Ben,Fuji,Petra,Everest,,,,,,,,,,,,
317,Weapons,6,FALSE,Sword,Gun,Axe,Dagger,Bow,Spear,,,,,,,,,,,,,,
318,Circle,6,FALSE,Round,Sphere,Ring,Wheel,Loop,Orbit,,,,,,,,,,,,,,
319,Vegetable,4,FALSE,Carrot,Pumpkin,Zucchini,Eggplant,,,,,,,,,,,,,,,,
320,Jewel,4,TRUE,Topaz_img,Opal_img,Peridot_img,Spinel_img,,,,,,,,,,,,,,,,
321,Mix,4,FALSE,Blend,Combine,Merge,Jumble,,,,,,,,,,,,,,,,
322,Library,3,FALSE,Book,Bookshelves,Magazine,,,,,,,,,,,,,,,,,
323,Pope,3,FALSE,Pontiff,Vatican,Holiness,,,,,,,,,,,,,,,,,
324,Horrors,8,TRUE,Zombie1_img,Vampire2_img,Werewolf_img,Ghost1_img,Witch1_img,Mummy_img,Skeleton_img,Monster_img,,,,,,,,,,,,
325,Zodiac,8,FALSE,Aries,Taurus,Gemini,Cancer,Leo,Virgo,Libra,Scorpio,,,,,,,,,,,,
326,Lab tool,8,FALSE,Beaker,Pipette,Funnel,Tube,Dropper,Stirrer,Scale,Gloves,,,,,,,,,,,,
327,U.S States,6,FALSE,Alabama,California,Colorado,Delaware,Florida,Georgia,,,,,,,,,,,,,,
328,Sphere,6,TRUE,Ball_img,Earth_img,Moon1_img,Bubble_img,Pearl_img,Disco_ball_img,,,,,,,,,,,,,,
329,Fangs,6,FALSE,Snake,Wolf,Tiger,Leopard,Vampire Bat,Spider,,,,,,,,,,,,,,
330,For hair,5,FALSE,Comb,Hairpin,Hair Dryer,Shampoo,Headband,,,,,,,,,,,,,,,
331,Mexico Foods,5,FALSE,Tacos,Burrito,Nachos,Tamales,Pozole,,,,,,,,,,,,,,,
332,Colorful,5,FALSE,Macaw,Rainbow,Peacock,Quetzal,Mosaic,,,,,,,,,,,,,,,
333,Wrinkle,4,FALSE,Crease,Fold,Furrow,Crumple,,,,,,,,,,,,,,,,
334,Deities,4,FALSE,Zeus,Odin,Ra,Thor,,,,,,,,,,,,,,,,
335,Crumbs,4,FALSE,Bread,Cookie,Cake,Pie,,,,,,,,,,,,,,,,
336,Anger,3,FALSE,Rage,Fury,Wrath,,,,,,,,,,,,,,,,,
337,Savor,3,FALSE,Taste,Flavor,Tang,,,,,,,,,,,,,,,,,
338,Dreamscape,8,FALSE,Dream,Memory,Vision,Whisper,Sleep,Shadow,Light,Echo,,,,,,,,,,,,
339,Technology,9,FALSE,Robot,Chip,Wire,Code,Computer,Drone,Circuit,Battery,Server,,,,,,,,,,,
340,Adventure,4,FALSE,Map,Compass,Backpack,Lantern,,,,,,,,,,,,,,,,
341,Toys,3,FALSE,Dice,Card,Doll,,,,,,,,,,,,,,,,,
342,Household,16,FALSE,Chair,Table,Bed,Lamp,Clock,Mirror,Window,Door,Bottle_img,Cup_img,Plate_img,Bowl1_img,Spoon_img,Fork_img,Knife_img,Bucket_img,,,,
343,Tastes,6,FALSE,Sweet,Sour,Salty,Bitter,Spicy,Creamy,,,,,,,,,,,,,,
344,Beach,4,FALSE,Sand,Wave,Shell,Sun,,,,,,,,,,,,,,,,
345,Gem,3,FALSE,Topaz,Amethyst,Onyx,,,,,,,,,,,,,,,,,
346,Travel,8,TRUE,Luggage_img,Ticket_img,Map_img,Passport,Tourist,Luggage,Souvenir,Trip,,,,,,,,,,,,
347,Mechanic's Garage,8,TRUE,Wrench_img,Tire_img,Oil1_img,Tool_Box_img,Screw_img,Rag_img,Engine_img,Screwdriver_img,,,,,,,,,,,,
348,Music Bar,8,FALSE,Guitar,Piano,Light,Micro,Stage,Drink,Crowd,DJ,,,,,,,,,,,,
349,Cosmic Events,8,FALSE,Black Hole,Halo,Galaxy,Meteor Shower,Aurora,Eclipse,Supernova,Shooting Star,,,,,,,,,,,,
350,Dog Life,6,TRUE,Bone_img,Ball1_img,Bowl_img,Kennel_img,Collar_img,Bark_img,,,,,,,,,,,,,,
351,Poseidon,4,FALSE,Trident,Sea,Storm,Ocean,,,,,,,,,,,,,,,,
352,Seasons,4,FALSE,Spring,Summer,Autumn,Winter,,,,,,,,,,,,,,,,
353,Games,3,FALSE,Poker,Jenga,Checkers,,,,,,,,,,,,,,,,,
354,Capitals,11,FALSE,London,Berlin,Caracas,Paris_img,London_img,Berlin_img,Vienna_img,Tokyo_img,Lima_img,Moscow_img,Lisbon_img,,,,,,,,,
355,Shades,8,FALSE,Scarlet,Azure,Ochre,Emerald,Violet,Maroon,Olive,Teal,,,,,,,,,,,,
356,Imitate,8,FALSE,Fake,Replica,Copy,Remake,Adapt,Reprint,Emulate,Simulate,,,,,,,,,,,,
357,Mammals,6,TRUE,Bear_img,Deer_img,Giraffe_img,Elephant1_img,Wolf_img,Monkey_img,,,,,,,,,,,,,,
358,Virtues,6,FALSE,Faith,Hope,Charity,Prudence,Kindness,Patience,,,,,,,,,,,,,,
359,Airport,4,FALSE,Plane,Gate,Passport,Ticket,,,,,,,,,,,,,,,,
360,Sweets,4,FALSE,Candy,Caramel,Sugar,Ice cream,,,,,,,,,,,,,,,,
361,Months,4,FALSE,March,June,May,April,,,,,,,,,,,,,,,,
362,Sports,11,FALSE,Badminton,Soccer,Football,Soccer_img,Tennis_img,Golf_img,Rugby_img,Boxing_img,Hockey_img,Cricket_img,Skiing_img,,,,,,,,,
363,Flowers,6,FALSE,Peony,Aster,Lily,Peony1_img,Dahlia_img,Aster_img,,,,,,,,,,,,,,
364,Camping,16,TRUE,Tent_img,Compass_img,Lantern_img,Hammock_img,Backpack_img,Fire_img,Map1_img,Whistle_img,Shelter,Canoe,Compass,Tarp,Firepit,Hiker,Rope,Backpack,,,,
365,Cereals,8,FALSE,Wheat,Corn,Rice,Barley,Oats,Rye,Sorghum,Millet,,,,,,,,,,,,
366,Gym,8,FALSE,Push Up,Squat,Plank,Lunge,Sit Up,Bench,Deadlift,Crunch,,,,,,,,,,,,
367,Insects,6,FALSE,Butterfly,Bee,Ant,Spider,Dragonfly,Moth,,,,,,,,,,,,,,
368,Mythology,5,FALSE,Zeus,Thor,Medusa,Anubis,Poseidon,,,,,,,,,,,,,,,
369,Volcanoes,4,FALSE,Lava,Ash,Crater,Eruption,,,,,,,,,,,,,,,,
370,Trees,4,FALSE,Sequoia,Baobab,Ginkgo,Oak,,,,,,,,,,,,,,,,
371,Family,4,FALSE,Father,Mother,Brother,Sister,,,,,,,,,,,,,,,,
372,Hobbies,8,FALSE,Reading,Painting,Gaming,Traveling,Crafting,Fishing,Journaling,Gardening,,,,,,,,,,,,
373,Personality,3,FALSE,Funny,Honest,Kind,,,,,,,,,,,,,,,,,
374,Economy,8,FALSE,Bank,Credit,Stock,Loan,Tax,Profit,Debt,Wallet,,,,,,,,,,,,
375,Languages,8,FALSE,English,French,Spanish,Japanese,Korean,Arabic,German,Italian,,,,,,,,,,,,
376,Professions,8,TRUE,Lawyer_img,Doctor_img,Pilot_img,Chef_img,Architect_img,Musician_img,Writer_img,Police_img,,,,,,,,,,,,
377,Show,6,FALSE,Theater,Concert,Fashion,TV,Variety,Circus,,,,,,,,,,,,,,
378,Dance,6,FALSE,Tango,Salsa,Rumba,Breakdance,Flamenco,Waltz,,,,,,,,,,,,,,
379,Savanna,4,FALSE,Grass,Acacia,Hyena,Cheetah,,,,,,,,,,,,,,,,
380,Adorable,4,FALSE,Cute,Lovely,Lovable,Charming,,,,,,,,,,,,,,,,
381,Sandwich,4,TRUE,Reuben_img,Po_boy_img,Panini_img,Banh_mi_img,,,,,,,,,,,,,,,,
382,Category,3,FALSE,Type,Sort,Class,,,,,,,,,,,,,,,,,
383,Towering,3,FALSE,High,Lofty,Tall,,,,,,,,,,,,,,,,,
384,Hand Tools,8,TRUE,Hammer_img,Screwdriver1_img,Wrench1_img,Saw_img,Pliers_img,TapeMeasure_img,Nail_img,Drill_img,,,,,,,,,,,,
385,Continents,8,FALSE,Asia,Europe,Africa,America,Antarctica,Australia,Oceania,Arctic,,,,,,,,,,,,
386,Cities,8,FALSE,Tokyo,Paris,New York,London,Rome,Dubai,Bangkok,Sydney,,,,,,,,,,,,
387,Time Zones,6,FALSE,GMT,UTC,EST,PST,CET,IST,,,,,,,,,,,,,,
388,Ask,4,FALSE,Request,Demand,Solicit,Plead,,,,,,,,,,,,,,,,
389,Backbone,4,FALSE,Neck,Tailbone,Pelvis,Thorax,,,,,,,,,,,,,,,,
390,Cards,4,FALSE,Hearts,Spades,Clubs,Diamonds,,,,,,,,,,,,,,,,
391,Numbers,8,FALSE,One,Two,Three,Four,Five,Six,Seven,Eight,,,,,,,,,,,,
392,Baking,3,FALSE,Vanilla,Butter,Cocoa,,,,,,,,,,,,,,,,,
393,Codes,8,FALSE,Morse,Binary,Caesar,Braille,Unicode,Enigma,Barcode,Zip code,,,,,,,,,,,,
394,Heroes,6,FALSE,Hercules,Odysseus,Perseus,Beowulf,Achilles,Theseus,,,,,,,,,,,,,,
395,Elements,6,FALSE,Hydrogen,Helium,Lithium,Fluorine,Boron,Carbon,,,,,,,,,,,,,,
396,Footwear,4,TRUE,Sneaker_img,Oxford_img,Slipper_img,Clog_img,,,,,,,,,,,,,,,,
397,Vector,4,FALSE,Arrow,Line,Length,Point,,,,,,,,,,,,,,,,
398,Storms,4,FALSE,Tornado,Cyclone,Blizzard,Typhoon,,,,,,,,,,,,,,,,
399,Chords,3,FALSE,Major,Minor,Augment,,,,,,,,,,,,,,,,,
400,Weekdays,3,FALSE,Monday,Friday,Sunday,,,,,,,,,,,,,,,,,
401,Cuisines,8,TRUE,Tacos_img,Sushi2_img,Curry_img,Kebab_img,Steak_img,Croissants_img,Gazpacho_img,Shawarma_img,,,,,,,,,,,,
402,Hobbies,8,FALSE,Sewing,Archery,Cycling,Climbing,Skiing,Diving,Birding,Weaving,,,,,,,,,,,,
403,Drinks,8,FALSE,Coffee,Tea,Soda,Juice,Water,Milk,Smoothie,Lemonade,,,,,,,,,,,,
404,Wizards,6,FALSE,Magus,Warlock,Magician,Sorcerer,Conjurer,Diviner,,,,,,,,,,,,,,
405,Fast Food,6,TRUE,Burger_img,Fries_img,Hotdog_img,Pizza_img,Sandwich_img,Nuggets_img,,,,,,,,,,,,,,
406,Cooking Tools,5,FALSE,Knife,Pan,Pot,Spoon,Oven,,,,,,,,,,,,,,,
407,Education,5,FALSE,Teacher,Student,Professor,Principal,Class,,,,,,,,,,,,,,,
408,Samurai,5,FALSE,Katana,Bushido,Armor,Harakiri,Sensei,,,,,,,,,,,,,,,
409,Pet,4,FALSE,Dog,Cat,Bird,Fish,,,,,,,,,,,,,,,,
410,Number,4,FALSE,Ordinal,Integer,Complex,Natural,,,,,,,,,,,,,,,,
411,Entertainment,4,FALSE,TV,Movie,Music,Game,,,,,,,,,,,,,,,,
412,Insects,3,FALSE,Beetle,Ant,Moth,,,,,,,,,,,,,,,,,
413,Business,8,FALSE,Taxes,Costs,Consumer,Brand,Profit,Company,Finance,Revenue,,,,,,,,,,,,
414,Currency,8,TRUE,Dollar_img,Peso_img,Euro_img,Krona_img,Forint_img,Won_img,Rupee_img,Yen_img,,,,,,,,,,,,
415,Piano,4,FALSE,Keys,Pedals,Pianist,Fingers,,,,,,,,,,,,,,,,
416,Chemical,4,FALSE,NaCl,NH3,H2SO4,CH4,,,,,,,,,,,,,,,,
417,Line,3,FALSE,Zigzag,Dashed,Wavy,,,,,,,,,,,,,,,,,
418,Action,3,FALSE,John Wick,Fast & Furious,Mad Max,,,,,,,,,,,,,,,,,
419,Movies,8,FALSE,John Wick,Fast & Furious,Mad Max,Home Alone,Mr Bean,IT,Titanic,Inception,,,,,,,,,,,,
420,App,8,TRUE,Call_img,Chat_img,Text_img,Ring1_img,Game_img,Photo_img,GPS_img,Video_img,,,,,,,,,,,,
421,Bedding,8,FALSE,Comforter,Pillow,Cushion,Bolster,Mattress,Blanket,Duvet,Quilt,,,,,,,,,,,,
422,Tech,6,FALSE,Robotics,Internet,Wi-Fi,Hardware,Patent,Progress,,,,,,,,,,,,,,
423,Nuts,6,TRUE,Pecan_img,Peanut_img,Almond_img,Cashew_img,Walnut_img,Hazelnut_img,,,,,,,,,,,,,,
424,Noise,4,FALSE,Loud,Noisy,Sharp,Harsh,,,,,,,,,,,,,,,,
425,Gems,4,FALSE,Ruby,Diamond,Emerald,Pearl,,,,,,,,,,,,,,,,
426,Cut,3,FALSE,Chop,Slice,Slash,,,,,,,,,,,,,,,,,
427,Copy,3,FALSE,Clone,Twin,Replica,,,,,,,,,,,,,,,,,
428,US State,8,FALSE,Maine,Montana,Idaho,Oregon,Utah,Arizona,Iowa,Wyoming,,,,,,,,,,,,
429,Country,8,FALSE,Anthem,Flag,Identity,History,Borders,People,Culture,Heritage,,,,,,,,,,,,
430,Legal,6,FALSE,Lawyer,Law,Duty,Judge,Court,Justice,,,,,,,,,,,,,,
431,Bison,4,FALSE,Buffalo,Ox,Cow,Yak,,,,,,,,,,,,,,,,
432,Coffee,4,FALSE,Espresso,Americano,Latte,Cappuccino,,,,,,,,,,,,,,,,
433,Choose,4,FALSE,Select,Favor,Pick,Vote,,,,,,,,,,,,,,,,
434,Frame,3,FALSE,Mirrors,Pictures,Films,,,,,,,,,,,,,,,,,
435,Medical,8,TRUE,Thermometer_img,Syringe_img,Bandage_img,Wheelchair_img,Medicine_img,Doctor1_img,Nurse_img,Hospital_img,,,,,,,,,,,,
436,Brand,8,FALSE,Zara,H&M,Uniqlo,Nike,Adidas,Puma,Levi's,Chanel,,,,,,,,,,,,
437,USA,8,FALSE,New York,Times Square,Fast food,Harvard,Los Angeles,Chicago,Texas,White House,,,,,,,,,,,,
438,Deserts,6,FALSE,Sahara,Namib,Kalahari,Libyan,Atacama,Mojave,,,,,,,,,,,,,,
439,Knight,6,TRUE,Sword1_img,Lance_img,Shield1_img,Dagger_img,Helmet_img,Armor_img,,,,,,,,,,,,,,
440,Battle,4,FALSE,War,Fight,Conflict,Combat,,,,,,,,,,,,,,,,
441,Fossils,4,FALSE,Bones,Amber,Shells,Skull,,,,,,,,,,,,,,,,
442,Colors,3,FALSE,Pink,Brown,White,,,,,,,,,,,,,,,,,
443,Expand,3,FALSE,Enlarge,Dilate,Amplify,,,,,,,,,,,,,,,,,
444,Bone,8,FALSE,Skull,Rib,Kneecap,Pelvis,Spine,Sternum,Femur,Humerus,,,,,,,,,,,,
445,Herbs,8,FALSE,Basil,Parsley,Mint,Thyme,Sage,Lavender,Tarragon,Lemongrass,,,,,,,,,,,,
446,Devices,6,TRUE,Phone_img,Tablet_img,Laptop_img,Smartwatch_img,Mouse1_img,Printer_img,,,,,,,,,,,,,,
447,Ninja,6,FALSE,Mask,Katana,Stealth,Kunai,Shadow,Silent,,,,,,,,,,,,,,
448,Twigs,6,FALSE,Branch,Stick,Leaf,Nest,Wood,Bark,,,,,,,,,,,,,,
449,Math,5,FALSE,Add,Subtract,Divide,Multiply,Equals,,,,,,,,,,,,,,,
450,Happy,4,FALSE,Joyful,Cheery,Jolly,Merry,,,,,,,,,,,,,,,,
451,Storm,4,FALSE,Rain,Thunder,Wind,Clouds,,,,,,,,,,,,,,,,
452,Reptile,4,TRUE,Lizard_img,Gecko_img,Iguana_img,Komodo_dragon_img,,,,,,,,,,,,,,,,
453,Aroma,3,FALSE,Smell,Perfume,Odor,,,,,,,,,,,,,,,,,
454,Chili,3,FALSE,Pepper,Spicy,Hot,,,,,,,,,,,,,,,,,
455,Santa,4,FALSE,Gifts,Stocking,Beard,Claus,,,,,,,,,,,,,,,,
456,Pencil,4,FALSE,Mark,Draw,Write,Paint,,,,,,,,,,,,,,,,
457,Pharaoh,3,FALSE,Mummy,Pyramid,Egypt,,,,,,,,,,,,,,,,,
458,Phone,3,FALSE,Call,Chat,Photo,,,,,,,,,,,,,,,,,
459,Gases,8,FALSE,Mist,Fog,Haze,Dew,Cloud,Steam,Gas,Smoke,,,,,,,,,,,,
460,Tropical,8,FALSE,Rainy,Rainforest,Monsoon,Fruit,Flower,Banana,Humidity,Heatwave,,,,,,,,,,,,
461,Game Genres,8,FALSE,FPS,Platformer,Puzzle,Match 3,MMORPG,JRPG,Tower Defense,Simulation,,,,,,,,,,,,
462,Craft,6,FALSE,Knitting,Woodwork,Beadwork,Pottery,Quilting,Carving,,,,,,,,,,,,,,
463,Units,4,FALSE,Meter,Mile,Pound,Gram,,,,,,,,,,,,,,,,
464,Location,3,FALSE,Here,There,Near,,,,,,,,,,,,,,,,,
465,Error,3,FALSE,Bug,Glitch,Fault,,,,,,,,,,,,,,,,,
466,Soup,8,TRUE,Ramen1_img,Gazpacho1_img,Tom yum_img,Borscht_img,Broth_img,Chowder_img,Gumbo_img,Bisque_img,,,,,,,,,,,,
467,Work Roles,8,FALSE,CEO,CFO,Founder,Manager,General Manager,Accountant,HR Officer,Sales Manager,,,,,,,,,,,,
468,Strings,8,FALSE,Violin,Guitar,Cello,Viola,Banjo,Harp,Ukulele,Mandolin,,,,,,,,,,,,
469,Ships,6,TRUE,Boat_img,Canoe_img,Barge_img,Frigate_img,Yacht_img,Ferry_img,,,,,,,,,,,,,,
470,Place,4,FALSE,On,In,From,Next to,,,,,,,,,,,,,,,,
471,Cartoon,8,FALSE,Aladdin,Toy Story,Shrek,Finding Nemo,Tom,Mickey,Donald,Casper,,,,,,,,,,,,
472,Flow,3,FALSE,River,Time,Air,,,,,,,,,,,,,,,,,
473,Dusk,3,FALSE,Twilight,Shadows,Sunset,,,,,,,,,,,,,,,,,
474,Keyboard,8,TRUE,Enter_img,Q_img,W_img,E_img,Ctrl_img,Alt_img,Del_img,9_img,,,,,,,,,,,,
475,U.S. Presidents,8,FALSE,Washington,Jefferson,Lincoln,Roosevelt,Kennedy,Reagan,Obama,Biden,,,,,,,,,,,,
476,Chord,8,FALSE,Harmony,Note,Scale,Octave,Interval,Major,Minor,Strum,,,,,,,,,,,,
477,Film,6,FALSE,Terminator,Star Wars,Titanic,Frozen,Matrix,Jurassic Park,,,,,,,,,,,,,,
478,Russia,6,FALSE,Moscow,Kremlin,Tsar,Siberia,Samovar,Sochi,,,,,,,,,,,,,,
479,Pink,4,TRUE,Pig_img,Flamingo_img,Pink_lipstick_img,Lotus_img,,,,,,,,,,,,,,,,
480,Coral,4,FALSE,Calcium,Seabed,Atoll,Sponge,,,,,,,,,,,,,,,,
481,Camel,3,FALSE,Hump,Caravan,Desert,,,,,,,,,,,,,,,,,
482,Spin,3,FALSE,Tornado,Cyclone,Rotor,,,,,,,,,,,,,,,,,
483,Days,7,FALSE,Monday,Tuesday,Wednesday,Thursday,Friday,Saturday,Sunday,,,,,,,,,,,,,